{
    "roi": {
        "match_front_room": {
            "1": [
                0.5,
                0.08888888888888889
            ],
            "2": [
                0.253125,
                0.08611111111111111
            ],
            "3": [
                0.0828125,
                0.3972222222222222
            ],
            "4": [
                0.4984375,
                0.3972222222222222
            ]
        }
    },
    "res_h_w": [
        360,
        640
    ]
}