{
    "roi": {
        "area_1": {
            "1": [
                0.175,
                0.5916666666666667
            ],
            "2": [
                0.3078125,
                0.5916666666666667
            ],
            "3": [
                0.2671875,
                0.9972222222222222
            ],
            "4": [
                0.046875,
                1.0027777777777778
            ]
        }
    },
    "res_h_w": [
        360,
        640
    ]
}