{
    "roi": {
        "Book_1": {
            "1": [
                0.19999999999999998,
                0.008333333333333335
            ],
            "2": [
                0.4515624999999999,
                0.00277777777777778
            ],
            "3": [
                0.41406249999999994,
                0.43888888888888894
            ],
            "4": [
                -0.009375000000000012,
                0.4361111111111111
            ]
        }
    },
    "res_h_w": [
        360,
        640
    ]
}