{
    "roi": {
        "match_front_room": {
            "1": [
                0.5518518518518518,
                0.2012012012012012
            ],
            "2": [
                0.34814814814814815,
                0.2012012012012012
            ],
            "3": [
                0.34814814814814815,
                0.37537537537537535
            ],
            "4": [
                0.5518518518518518,
                0.37537537537537535
            ]
        }
    },
    "res_h_w": [
        666,
        540
    ]
}

